Time-stamp,Watts,Wavelength
2021-07-05 09:38:44.541639,1.28550e-04,1.2
2021-07-05 09:38:44.759796,1.15523e-04,1.2
2021-07-05 09:38:44.976508,1.14902e-04,1.2
2021-07-05 09:38:45.195945,1.26158e-04,1.2
2021-07-05 09:38:45.412901,1.21017e-04,1.2
2021-07-05 09:38:45.632149,1.07724e-04,1.2
2021-07-05 09:38:45.849098,9.71773e-05,1.2
2021-07-05 09:38:46.064003,9.17711e-05,1.2
2021-07-05 09:38:46.279447,9.31005e-05,1.2
2021-07-05 09:38:46.499021,1.14282e-04,1.2
2021-07-05 09:38:46.730025,1.39806e-04,1.2
2021-07-05 09:38:46.949239,1.45301e-04,1.2
2021-07-05 09:38:47.164046,1.42908e-04,1.2
2021-07-05 09:38:47.382266,1.25626e-04,1.2
2021-07-05 09:38:47.599976,1.20929e-04,1.2
2021-07-05 09:38:47.818779,1.17916e-04,1.2
2021-07-05 09:38:48.036068,1.15789e-04,1.2
2021-07-05 09:38:48.253909,1.25626e-04,1.2
2021-07-05 09:38:48.471390,1.19511e-04,1.2
2021-07-05 09:38:48.690882,1.01874e-04,1.2
2021-07-05 09:38:48.908992,9.70886e-05,1.2
2021-07-05 09:38:49.124692,9.75318e-05,1.2
2021-07-05 09:38:49.343551,1.03647e-04,1.2
2021-07-05 09:38:49.562344,1.19688e-04,1.2
2021-07-05 09:38:49.777843,1.44680e-04,1.2
2021-07-05 09:38:49.980830,1.40604e-04,1.2
2021-07-05 09:38:50.184346,1.28816e-04,1.2
2021-07-05 09:38:50.386767,1.22524e-04,1.2
2021-07-05 09:38:50.590906,1.16143e-04,1.2
2021-07-05 09:38:50.795296,1.14193e-04,1.2
2021-07-05 09:38:51.015460,1.21638e-04,1.2
2021-07-05 09:38:51.232005,1.26069e-04,1.2
2021-07-05 09:38:51.451547,1.09496e-04,1.2
2021-07-05 09:38:51.658316,1.02229e-04,1.2
2021-07-05 09:44:24.293459,9.91270e-05,1.2
2021-07-05 09:44:24.515472,9.62024e-05,1.2
2021-07-05 09:44:24.727433,1.10382e-04,1.2
2021-07-05 09:44:24.928342,1.24917e-04,1.2
2021-07-05 09:44:25.133618,1.42287e-04,1.2
2021-07-05 09:44:25.390588,1.56201e-04,1.2
2021-07-05 09:44:25.601998,1.47162e-04,1.2
2021-07-05 09:44:25.878298,1.41401e-04,1.2
2021-07-05 09:44:26.091545,1.27044e-04,1.2
2021-07-05 09:44:26.355870,1.19422e-04,1.2
2021-07-05 09:44:26.627928,1.16320e-04,1.2
2021-07-05 09:44:26.831289,1.26778e-04,1.2
2021-07-05 09:44:27.038170,1.31209e-04,1.2
2021-07-05 09:44:27.253169,1.21726e-04,1.2
2021-07-05 09:44:27.463141,1.11269e-04,1.2
2021-07-05 09:44:27.729060,9.78863e-05,1.2
2021-07-05 09:44:27.943518,9.85066e-05,1.2
2021-07-05 09:44:28.216787,1.00634e-04,1.2
2021-07-05 09:44:28.426259,1.15611e-04,1.2
2021-07-05 09:44:28.697437,1.43174e-04,1.2
2021-07-05 09:44:28.919835,1.51947e-04,1.2
2021-07-05 09:44:29.123291,1.51770e-04,1.2
2021-07-05 09:44:29.383709,1.40338e-04,1.2
2021-07-05 09:44:29.597134,1.23676e-04,1.2
2021-07-05 09:44:29.852092,1.22701e-04,1.2
2021-07-05 09:44:39.095608,1.00368e-04,0.65
2021-07-05 09:44:39.360345,9.09242e-05,0.65
2021-07-05 09:44:39.571407,9.48377e-05,0.65
2021-07-05 09:44:39.842469,9.98818e-05,0.65
2021-07-05 09:44:40.059887,1.15275e-04,0.65
2021-07-05 09:44:40.337187,1.38495e-04,0.65
2021-07-05 09:44:40.552606,1.51888e-04,0.65
2021-07-05 09:44:40.832517,1.50497e-04,0.65
2021-07-05 09:44:41.049700,1.38756e-04,0.65
2021-07-05 09:44:41.265247,1.26320e-04,0.65
2021-07-05 09:44:41.475504,1.17623e-04,0.65
2021-07-05 09:44:41.731143,1.13884e-04,0.65
2021-07-05 09:44:42.006696,1.16840e-04,0.65
2021-07-05 09:44:42.286084,1.29016e-04,0.65
2021-07-05 09:44:42.488583,1.16058e-04,0.65
2021-07-05 09:44:42.746523,1.07622e-04,0.65
2021-07-05 09:44:43.022496,9.64031e-05,0.65
2021-07-05 09:44:43.307222,9.20547e-05,0.65
2021-07-05 09:44:43.585750,1.07448e-04,0.65
2021-07-05 09:44:43.863013,1.31799e-04,0.65
2021-07-05 09:44:44.072262,1.48149e-04,0.65
2021-07-05 09:44:44.342720,1.49540e-04,0.65
2021-07-05 09:44:44.622893,1.37191e-04,0.65
2021-07-05 09:44:44.851410,1.25450e-04,0.65
2021-07-05 09:44:45.135270,1.16145e-04,0.65
2021-07-05 09:44:45.426026,1.17710e-04,0.65
2021-07-05 09:44:45.634735,1.20580e-04,0.65
2021-07-05 09:44:45.905898,1.23189e-04,0.65
2021-07-05 09:44:46.116321,1.06839e-04,0.65
2021-07-05 09:44:46.390089,9.62292e-05,0.65
2021-07-05 09:44:46.604659,9.21417e-05,0.65
2021-07-05 09:44:46.887546,9.51856e-05,0.65
2021-07-05 09:45:09.830744,1.20131e-04,1.2
2021-07-05 09:45:10.053111,1.17029e-04,1.2
2021-07-05 09:45:10.318658,1.21017e-04,1.2
2021-07-05 09:45:10.602984,1.27044e-04,1.2
2021-07-05 09:45:10.882195,1.23144e-04,1.2
2021-07-05 09:45:11.098424,1.14636e-04,1.2
2021-07-05 09:45:11.373334,1.01520e-04,1.2
2021-07-05 09:45:11.592084,9.50503e-05,1.2
2021-07-05 09:45:11.862119,9.91270e-05,1.2
2021-07-05 09:45:12.140120,1.05508e-04,1.2
2021-07-05 09:45:12.416711,1.25183e-04,1.2
2021-07-05 09:45:12.706469,1.50086e-04,1.2
2021-07-05 09:45:12.904479,1.62582e-04,1.2
2021-07-05 09:45:13.121924,1.48580e-04,1.2
2021-07-05 09:45:13.398885,1.33248e-04,1.2
2021-07-05 09:45:13.630015,1.27221e-04,1.2
2021-07-05 09:45:13.906852,1.19156e-04,1.2
2021-07-05 09:45:14.106319,1.17295e-04,1.2
2021-07-05 09:45:14.320735,1.20397e-04,1.2
2021-07-05 09:45:14.680286,1.30146e-04,1.2
2021-07-05 09:45:14.899777,1.21815e-04,1.2
2021-07-05 09:45:15.145614,1.03115e-04,1.2
2021-07-05 09:45:15.428843,9.77090e-05,1.2
2021-07-05 09:45:15.640788,9.54048e-05,1.2
2021-07-05 09:45:15.855043,1.05154e-04,1.2
2021-07-05 09:45:16.125911,1.17916e-04,1.2
2021-07-05 09:45:16.342311,1.37679e-04,1.2
2021-07-05 09:45:16.626084,1.56379e-04,1.2
2021-07-05 09:45:16.828510,1.61076e-04,1.2
2021-07-05 09:45:17.034993,1.46719e-04,1.2
2021-07-05 09:45:17.239445,1.42996e-04,1.2
2021-07-05 09:45:17.440872,1.28285e-04,1.2
2021-07-05 09:45:17.646324,1.21549e-04,1.2
2021-07-05 09:45:17.856761,1.21992e-04,1.2
2021-07-05 09:45:18.075597,1.14459e-04,1.2
2021-07-05 09:45:18.286,1.14105e-04,1.2
2021-07-05 09:45:18.550429,1.33336e-04,1.2
2021-07-05 09:45:18.759898,1.30234e-04,1.2
2021-07-05 09:45:19.031563,1.07901e-04,1.2
2021-07-05 09:45:19.247404,9.96588e-05,1.2
2021-07-05 09:45:19.514390,9.63796e-05,1.2
2021-07-05 09:45:19.724143,9.72659e-05,1.2
2021-07-05 09:45:19.990431,1.02583e-04,1.2
2021-07-05 09:45:20.225802,1.31032e-04,1.2
2021-07-05 09:45:20.446754,1.49643e-04,1.2
2021-07-05 09:45:20.660218,1.63203e-04,1.2
2021-07-05 09:45:20.867181,1.54518e-04,1.2
2021-07-05 09:45:21.140791,1.38299e-04,1.2
2021-07-05 09:45:21.350009,1.29525e-04,1.2
2021-07-05 09:45:21.553755,1.22081e-04,1.2
2021-07-05 09:45:21.830544,1.19599e-04,1.2
2021-07-05 09:45:22.032508,1.13839e-04,1.2
2021-07-05 09:45:22.233969,1.23499e-04,1.2
2021-07-05 09:45:22.438742,1.29791e-04,1.2
2021-07-05 09:45:22.640759,1.24474e-04,1.2
2021-07-05 09:45:22.858213,1.09673e-04,1.2
2021-07-05 09:45:23.067159,1.04799e-04,1.2
2021-07-05 09:45:23.267584,9.42526e-05,1.2
2021-07-05 09:45:23.473501,9.81521e-05,1.2
2021-07-05 09:45:23.699762,9.48730e-05,1.2
2021-07-05 09:45:23.909202,1.02938e-04,1.2
2021-07-05 09:45:24.111663,1.17295e-04,1.2
2021-07-05 09:45:24.318110,1.40604e-04,1.2
2021-07-05 09:45:24.545746,1.57265e-04,1.2
2021-07-05 09:45:24.748631,1.54606e-04,1.2
2021-07-05 09:45:25.022431,1.33336e-04,1.2
2021-07-05 09:45:25.237888,1.29171e-04,1.2
2021-07-05 09:45:25.473413,1.21106e-04,1.2
2021-07-05 09:45:25.701042,1.18890e-04,1.2
2021-07-05 09:45:25.977653,1.21372e-04,1.2
2021-07-05 09:45:26.195600,1.31741e-04,1.2
2021-07-05 09:45:26.405330,1.28107e-04,1.2
2021-07-05 09:45:26.615610,1.14902e-04,1.2
2021-07-05 09:45:26.896847,1.02849e-04,1.2
2021-07-05 09:45:27.133215,9.54934e-05,1.2
2021-07-05 09:45:27.470465,1.05065e-04,1.2
2021-07-05 09:45:27.728184,1.28905e-04,1.2
2021-07-05 09:45:27.968273,1.45478e-04,1.2
2021-07-05 09:45:28.212993,1.54606e-04,1.2
2021-07-05 09:45:28.456180,1.50618e-04,1.2
2021-07-05 09:45:28.677867,1.40338e-04,1.2
2021-07-05 09:45:28.902241,1.26867e-04,1.2
2021-07-05 09:45:29.114465,1.22347e-04,1.2
2021-07-05 09:45:56.838840,1.47693e-04,3.4
2021-07-05 09:45:57.124298,1.28765e-04,3.4
2021-07-05 09:45:57.401094,1.21252e-04,3.4
2021-07-05 09:45:57.617519,1.20804e-04,3.4
2021-07-05 09:45:57.865629,1.22862e-04,3.4
2021-07-05 09:45:58.086083,1.31449e-04,3.4
2021-07-05 09:45:58.293401,1.30644e-04,3.4
2021-07-05 09:45:58.503957,1.09981e-04,3.4
2021-07-05 09:45:58.713423,1.03630e-04,3.4
2021-07-05 09:45:58.975741,9.78153e-05,3.4
2021-07-05 09:45:59.224148,1.04345e-04,3.4
2021-07-05 09:45:59.444705,1.12575e-04,3.4
2021-07-05 09:45:59.722009,1.46298e-04,3.4
2021-07-05 09:45:59.922022,1.55243e-04,3.4
2021-07-05 09:46:00.130746,1.56227e-04,3.4
2021-07-05 09:46:00.348155,1.41468e-04,3.4
2021-07-05 09:46:00.558512,1.35385e-04,3.4
2021-07-05 09:46:00.769208,1.22862e-04,3.4
2021-07-05 09:46:01.033670,1.19731e-04,3.4
2021-07-05 09:46:01.239172,1.27960e-04,3.4
2021-07-05 09:46:01.458559,1.35027e-04,3.4
2021-07-05 09:46:01.726877,1.20268e-04,3.4
2021-07-05 09:46:01.938500,1.06134e-04,3.4
2021-07-05 09:46:02.191621,1.02646e-04,3.4
2021-07-05 09:46:02.396865,1.02467e-04,3.4
2021-07-05 09:46:02.592001,1.06492e-04,3.4
2021-07-05 09:46:02.867029,1.23219e-04,3.4
2021-07-05 09:46:03.084439,1.51755e-04,3.4
2021-07-05 09:46:03.350615,1.60610e-04,3.4
2021-07-05 09:46:03.578169,1.48803e-04,3.4
2021-07-05 09:46:03.791590,1.40126e-04,3.4
2021-07-05 09:46:04.015418,1.31270e-04,3.4
2021-07-05 09:46:04.288431,1.21609e-04,3.4
2021-07-05 09:46:04.509098,1.18479e-04,3.4
2021-07-05 09:46:04.724255,1.25903e-04,3.4
2021-07-05 09:46:04.942271,1.26350e-04,3.4
2021-07-05 09:46:05.211954,1.27155e-04,3.4
2021-07-05 09:46:05.486155,1.12217e-04,3.4
2021-07-05 09:46:05.703531,9.71891e-05,3.4
2021-07-05 09:46:05.906328,1.03182e-04,3.4
2021-07-05 09:46:06.164322,9.80836e-05,3.4
2021-07-05 09:46:06.438785,1.18479e-04,3.4
2021-07-05 09:46:06.644397,1.38068e-04,3.4
2021-07-05 09:46:06.905444,1.57211e-04,3.4
2021-07-05 09:46:07.117170,1.52023e-04,3.4
2021-07-05 09:46:07.382807,1.42720e-04,3.4
2021-07-05 09:46:07.664267,1.33596e-04,3.4
2021-07-05 09:46:07.883146,1.21520e-04,3.4
2021-07-05 09:46:08.080241,1.17405e-04,3.4
2021-07-05 09:46:08.357500,1.22504e-04,3.4
2021-07-05 09:46:08.559455,1.25456e-04,3.4
2021-07-05 09:46:08.787275,1.34311e-04,3.4
2021-07-05 09:46:09.067587,1.23398e-04,3.4
2021-07-05 09:47:36.377918,1.35117e-04,3.4
2021-07-05 09:47:36.580294,1.58195e-04,3.4
2021-07-05 09:47:36.781868,1.64814e-04,3.4
2021-07-05 09:47:36.986344,1.52023e-04,3.4
2021-07-05 09:47:37.231181,1.49339e-04,3.4
2021-07-05 09:47:37.489496,1.30197e-04,3.4
2021-07-05 09:47:37.699881,1.24472e-04,3.4
2021-07-05 09:47:37.968198,1.22772e-04,3.4
2021-07-05 09:47:38.183602,1.24114e-04,3.4
2021-07-05 09:47:38.434063,1.32701e-04,3.4
2021-07-05 09:47:38.637583,1.25814e-04,3.4
2021-07-05 09:47:38.891923,1.14274e-04,3.4
2021-07-05 09:47:39.130287,1.02735e-04,3.4
2021-07-05 09:47:39.326761,1.00052e-04,3.4
2021-07-05 09:47:39.530985,1.03003e-04,3.4
2021-07-05 09:47:39.739465,1.11770e-04,3.4
2021-07-05 09:47:39.951310,1.30912e-04,3.4
2021-07-05 09:47:40.156769,1.53991e-04,3.4
2021-07-05 09:47:40.369223,1.61773e-04,3.4
2021-07-05 09:47:40.637888,1.64546e-04,3.4
2021-07-05 09:47:40.860866,1.47282e-04,3.4
2021-07-05 09:47:41.067672,1.42720e-04,3.4
2021-07-05 09:47:41.267912,1.33775e-04,3.4
2021-07-05 09:47:41.533793,1.24830e-04,3.4
2021-07-05 09:47:41.752867,1.21341e-04,3.4
2021-07-05 09:47:42.021716,1.23309e-04,3.4
2021-07-05 09:47:42.243693,1.34043e-04,3.4
2021-07-05 09:47:42.521478,1.31896e-04,3.4
2021-07-05 09:47:42.741920,1.12843e-04,3.4
2021-07-05 09:47:42.953969,1.06403e-04,3.4
2021-07-05 09:47:43.170867,9.88887e-05,3.4
2021-07-05 09:47:43.605014,1.02914e-04,3.4
2021-07-05 09:47:43.843833,1.16779e-04,3.4
2021-07-05 09:47:44.077019,1.39768e-04,3.4
2021-07-05 09:47:44.311052,1.56495e-04,3.4
2021-07-05 09:47:44.530998,1.66872e-04,3.4
2021-07-05 09:47:44.771497,1.57569e-04,3.4
2021-07-05 09:47:45.001683,1.39142e-04,3.4
2021-07-05 09:47:45.208683,1.29034e-04,3.4
2021-07-05 09:47:45.426120,1.26082e-04,3.4
2021-07-05 09:47:45.632203,1.23667e-04,3.4
2021-07-05 09:47:45.850464,1.20089e-04,3.4
2021-07-05 09:47:46.053376,1.27871e-04,3.4
2021-07-05 09:47:46.262979,1.31449e-04,3.4
2021-07-05 09:47:46.472987,1.29034e-04,3.4
2021-07-05 09:47:46.700572,1.19910e-04,3.4
2021-07-05 09:47:46.981992,1.00946e-04,3.4
2021-07-05 09:47:47.217730,9.87098e-05,3.4
2021-07-05 09:47:47.478781,9.78153e-05,3.4
2021-07-05 09:47:47.760204,1.16868e-04,3.4
2021-07-05 09:47:47.971083,1.36816e-04,3.4
2021-07-05 09:47:48.186323,1.53096e-04,3.4
2021-07-05 09:47:48.416529,1.63652e-04,3.4
2021-07-05 09:47:48.632534,1.63383e-04,3.4
2021-07-05 09:47:48.906804,1.48982e-04,3.4
2021-07-05 09:47:49.118562,1.39052e-04,3.4
2021-07-05 09:47:49.405257,1.26082e-04,3.4
2021-07-05 09:47:49.622845,1.21878e-04,3.4
2021-07-05 09:47:49.833162,1.20804e-04,3.4
2021-07-05 09:47:50.045844,1.24472e-04,3.4
2021-07-05 09:47:50.328743,1.32165e-04,3.4
2021-07-05 09:47:50.545495,1.28587e-04,3.4
2021-07-05 09:47:50.749486,1.15258e-04,3.4
2021-07-05 09:47:50.967896,1.05866e-04,3.4
2021-07-05 09:47:51.189863,1.03361e-04,3.4
2021-07-05 09:47:51.467406,1.02646e-04,3.4
2021-07-05 09:47:51.686801,1.06760e-04,3.4
2021-07-05 09:47:51.890494,1.15884e-04,3.4
2021-07-05 09:47:52.097143,1.36011e-04,3.4
2021-07-05 09:47:52.318924,1.50949e-04,3.4
2021-07-05 09:47:52.539503,1.69198e-04,3.4
2021-07-05 09:47:52.750654,1.57032e-04,3.4
2021-07-05 09:47:52.966943,1.51218e-04,3.4
2021-07-05 09:47:53.247765,1.32791e-04,3.4
2021-07-05 09:47:53.470534,1.24293e-04,3.4
2021-07-05 09:47:53.674146,1.15079e-04,3.4
2021-07-05 09:47:53.931602,1.19284e-04,3.4
2021-07-05 09:47:54.155269,1.24561e-04,3.4
2021-07-05 09:47:54.383337,1.29839e-04,3.4
2021-07-05 09:47:54.587461,1.41110e-04,3.4
2021-07-05 09:47:54.790563,1.27066e-04,3.4
2021-07-05 09:47:55.010545,1.15527e-04,3.4
2021-07-05 09:47:55.301450,1.04614e-04,3.4
2021-07-05 09:47:55.526630,1.02556e-04,3.4
2021-07-05 09:47:55.738698,1.05150e-04,3.4
2021-07-05 09:47:55.972452,1.12664e-04,3.4
2021-07-05 09:47:56.187903,1.29571e-04,3.4
2021-07-05 09:47:56.401568,1.47998e-04,3.4
2021-07-05 09:47:56.642962,1.66067e-04,3.4
2021-07-05 09:47:56.855272,1.63562e-04,3.4
2021-07-05 09:47:57.086075,1.51933e-04,3.4
2021-07-05 09:47:57.314927,1.40841e-04,3.4
2021-07-05 09:47:57.521325,1.33954e-04,3.4
2021-07-05 09:47:57.752435,1.23219e-04,3.4
2021-07-05 09:47:57.971068,1.20446e-04,3.4
2021-07-05 09:47:58.197666,1.23667e-04,3.4
2021-07-05 09:47:58.428821,1.26976e-04,3.4
2021-07-05 09:47:58.642019,1.34401e-04,3.4
2021-07-05 09:47:58.879830,1.25903e-04,3.4
2021-07-05 09:47:59.095544,1.13827e-04,3.4
2021-07-05 09:47:59.323473,1.10249e-04,3.4
2021-07-05 09:47:59.532946,9.70996e-05,3.4
2021-07-05 09:47:59.747353,1.03987e-04,3.4
2021-07-05 09:47:59.983593,1.04524e-04,3.4
2021-07-05 09:48:00.191670,1.13380e-04,3.4
2021-07-05 09:48:00.424500,1.32075e-04,3.4
2021-07-05 09:48:00.632498,1.49429e-04,3.4
2021-07-05 09:48:00.863748,1.66514e-04,3.4
2021-07-05 09:48:01.083193,1.56317e-04,3.4
2021-07-05 09:48:01.296582,1.49071e-04,3.4
2021-07-05 09:48:01.529875,1.38068e-04,3.4
2021-07-05 09:48:01.747161,1.26440e-04,3.4
2021-07-05 09:48:01.961101,1.22146e-04,3.4
2021-07-05 09:48:02.191845,1.20357e-04,3.4
2021-07-05 09:48:02.402915,1.24919e-04,3.4
2021-07-05 09:48:02.634171,1.35743e-04,3.4
2021-07-05 09:48:02.845323,1.37890e-04,3.4
2021-07-05 09:48:03.055985,1.27155e-04,3.4
2021-07-05 09:48:03.291769,1.11233e-04,3.4
2021-07-05 09:48:03.505867,1.11770e-04,3.4
2021-07-05 09:48:03.737814,1.03630e-04,3.4
2021-07-05 09:48:03.970919,9.79942e-05,3.4
2021-07-05 09:48:04.177940,9.90676e-05,3.4
2021-07-05 09:48:04.405896,1.10428e-04,3.4
2021-07-05 09:48:04.618300,1.21162e-04,3.4
2021-07-05 09:48:04.847341,1.52202e-04,3.4
2021-07-05 09:48:05.055217,1.64725e-04,3.4
2021-07-05 09:48:05.285760,1.65977e-04,3.4
2021-07-05 09:48:05.499634,1.57301e-04,3.4
2021-07-05 09:48:05.714709,1.50771e-04,3.4
2021-07-05 09:48:05.943767,1.36816e-04,3.4
2021-07-05 09:48:06.171694,1.28855e-04,3.4
2021-07-05 09:48:06.382776,1.26798e-04,3.4
2021-07-05 09:48:06.600730,1.23398e-04,3.4
2021-07-05 09:48:06.828508,1.25277e-04,3.4
2021-07-05 09:48:07.060893,1.34401e-04,3.4
2021-07-05 09:48:07.269991,1.33596e-04,3.4
2021-07-05 09:48:07.476233,1.22772e-04,3.4
2021-07-05 09:48:07.689259,1.11591e-04,3.4
2021-07-05 09:48:07.925118,1.07387e-04,3.4
2021-07-05 09:48:08.146247,1.04256e-04,3.4
2021-07-05 09:48:08.372542,1.07923e-04,3.4
2021-07-05 09:48:08.655740,1.22504e-04,3.4
2021-07-05 09:48:08.879892,1.43972e-04,3.4
2021-07-05 09:48:09.100086,1.61594e-04,3.4
2021-07-05 09:48:09.303247,1.69376e-04,3.4
2021-07-05 09:48:09.527703,1.67140e-04,3.4
2021-07-05 09:48:09.755513,1.49429e-04,3.4
2021-07-05 09:48:09.965504,1.36011e-04,3.4
2021-07-05 09:48:10.244242,1.32612e-04,3.4
2021-07-05 09:48:10.467682,1.22683e-04,3.4
2021-07-05 09:48:10.683951,1.26619e-04,3.4
2021-07-05 09:48:10.902943,1.21073e-04,3.4
2021-07-05 09:48:11.177254,1.29123e-04,3.4
2021-07-05 09:48:11.399256,1.37084e-04,3.4
2021-07-05 09:48:11.627322,1.33059e-04,3.4
2021-07-05 09:48:11.860150,1.18121e-04,3.4
2021-07-05 09:48:12.081719,1.07208e-04,3.4
2021-07-05 09:48:12.282786,1.02288e-04,3.4
2021-07-05 09:48:12.490632,9.97832e-05,3.4
2021-07-05 09:48:12.709192,1.05776e-04,3.4
2021-07-05 09:48:12.938170,1.17852e-04,3.4
2021-07-05 09:48:13.158432,1.36548e-04,3.4
2021-07-05 09:48:13.359066,1.54349e-04,3.4
2021-07-05 09:48:13.582864,1.68124e-04,3.4
2021-07-05 09:48:13.784215,1.67587e-04,3.4
2021-07-05 09:48:14.012777,1.62757e-04,3.4
2021-07-05 09:48:14.294939,1.42362e-04,3.4
2021-07-05 09:48:14.530253,1.35743e-04,3.4
2021-07-05 09:48:14.810375,1.25098e-04,3.4
2021-07-05 09:48:15.026165,1.23846e-04,3.4
2021-07-05 09:48:15.260364,1.26529e-04,3.4
2021-07-05 09:48:15.477075,1.32254e-04,3.4
2021-07-05 09:48:15.681762,1.39410e-04,3.4
2021-07-05 09:48:15.905230,1.26887e-04,3.4
2021-07-05 09:48:16.131373,1.12485e-04,3.4
2021-07-05 09:48:16.340891,1.03003e-04,3.4
2021-07-05 09:48:16.624394,1.01483e-04,3.4
2021-07-05 09:48:16.845554,1.04524e-04,3.4
2021-07-05 09:48:17.051933,1.14543e-04,3.4
2021-07-05 09:48:17.315069,1.35117e-04,3.4
2021-07-05 09:48:17.534146,1.59716e-04,3.4
2021-07-05 09:48:17.782260,1.66693e-04,3.4
2021-07-05 09:48:18.007856,1.59805e-04,3.4
2021-07-05 09:48:18.249910,1.49160e-04,3.4
2021-07-05 09:48:18.502853,1.33596e-04,3.4
2021-07-05 09:48:18.734760,1.32970e-04,3.4
2021-07-05 09:48:18.977208,1.23219e-04,3.4
2021-07-05 09:48:19.186357,1.23935e-04,3.4
2021-07-05 09:48:19.404576,1.28676e-04,3.4
2021-07-05 09:48:19.612487,1.37442e-04,3.4
2021-07-05 09:48:19.814988,1.36458e-04,3.4
2021-07-05 09:48:20.025269,1.26350e-04,3.4
2021-07-05 09:48:20.251125,1.13201e-04,3.4
2021-07-05 09:48:20.455852,1.05955e-04,3.4
2021-07-05 09:48:20.680641,1.02735e-04,3.4
2021-07-05 09:48:20.902692,1.06403e-04,3.4
2021-07-05 09:48:21.122203,1.09086e-04,3.4
2021-07-05 09:48:21.340471,1.27782e-04,3.4
2021-07-05 09:48:21.560057,1.50592e-04,3.4
2021-07-05 09:48:21.783038,1.63294e-04,3.4
2021-07-05 09:48:21.986696,1.67319e-04,3.4
2021-07-05 09:48:22.209172,1.57122e-04,3.4
2021-07-05 09:48:22.412089,1.50234e-04,3.4
2021-07-05 09:48:22.621378,1.36816e-04,3.4
2021-07-05 09:48:22.848547,1.25456e-04,3.4
2021-07-05 09:48:23.053901,1.21609e-04,3.4
2021-07-05 09:48:23.269886,1.24830e-04,3.4
2021-07-05 09:48:23.475043,1.33328e-04,3.4
2021-07-05 09:48:23.676353,1.34222e-04,3.4
2021-07-05 09:48:23.884439,1.34222e-04,3.4
2021-07-05 09:48:24.100382,1.19641e-04,3.4
2021-07-05 09:48:24.324644,1.11412e-04,3.4
2021-07-05 09:48:24.608738,1.03809e-04,3.4
2021-07-05 09:48:24.835127,1.03719e-04,3.4
2021-07-05 09:48:25.059915,1.07744e-04,3.4
2021-07-05 09:48:25.339953,1.33059e-04,3.4
2021-07-05 09:48:25.568232,1.53544e-04,3.4
2021-07-05 09:48:25.787993,1.66514e-04,3.4
2021-07-05 09:48:26.020546,1.65530e-04,3.4
2021-07-05 09:48:26.242491,1.50234e-04,3.4
2021-07-05 09:48:26.466757,1.38516e-04,3.4
2021-07-05 09:48:26.747856,1.29928e-04,3.4
2021-07-05 09:48:26.967760,1.28139e-04,3.4
2021-07-05 09:48:27.185183,1.25277e-04,3.4
2021-07-05 09:48:27.402158,1.21430e-04,3.4
2021-07-05 09:48:27.637668,1.38068e-04,3.4
2021-07-05 09:48:27.853203,1.29213e-04,3.4
2021-07-05 09:48:28.088239,1.19015e-04,3.4
2021-07-05 09:48:28.309736,1.10249e-04,3.4
2021-07-05 09:48:28.523205,1.02288e-04,3.4
2021-07-05 09:48:28.775385,1.03540e-04,3.4
2021-07-05 09:48:29.002434,1.01930e-04,3.4
2021-07-05 09:48:29.227469,1.17942e-04,3.4
2021-07-05 09:48:29.452746,1.44867e-04,3.4
2021-07-05 09:48:29.731699,1.66246e-04,3.4
2021-07-05 09:48:30.000450,1.60610e-04,3.4
2021-07-05 09:48:30.206418,1.47103e-04,3.4
2021-07-05 09:48:30.427036,1.41915e-04,3.4
2021-07-05 09:48:30.643606,1.26350e-04,3.4
2021-07-05 09:48:30.849441,1.22951e-04,3.4
2021-07-05 09:48:31.051792,1.24114e-04,3.4
2021-07-05 09:48:31.273752,1.26261e-04,3.4
2021-07-05 09:48:31.479792,1.31002e-04,3.4
2021-07-05 09:48:31.706846,1.33328e-04,3.4
2021-07-05 09:48:31.936860,1.17584e-04,3.4
2021-07-05 09:48:32.149338,1.07655e-04,3.4
2021-07-05 09:48:32.356559,1.01841e-04,3.4
2021-07-05 09:48:32.571444,9.70102e-05,3.4
2021-07-05 09:48:32.801307,1.01572e-04,3.4
2021-07-05 09:48:33.020918,1.15795e-04,3.4
2021-07-05 09:54:49.606816,1.16311e-04,0.6
2021-07-05 09:54:49.822073,1.47160e-04,0.6
2021-07-05 09:54:50.086029,1.58978e-04,0.6
2021-07-05 09:54:50.332012,1.44379e-04,0.6
2021-07-05 09:54:50.549601,1.33082e-04,0.6
2021-07-05 09:54:50.777703,1.25001e-04,0.6
2021-07-05 09:54:51.006065,1.25696e-04,0.6
2021-07-05 09:54:51.219896,1.28216e-04,0.6
2021-07-05 09:54:51.437286,1.35081e-04,0.6
2021-07-05 09:54:51.675069,1.25001e-04,0.6
2021-07-05 09:54:51.906937,1.11967e-04,0.6
2021-07-05 09:54:52.111441,1.06579e-04,0.6
2021-07-05 09:54:52.391303,1.04059e-04,0.6
2021-07-05 09:54:52.746775,1.26565e-04,0.6
2021-07-05 09:54:52.987418,1.50288e-04,0.6
2021-07-05 09:54:53.269154,1.56110e-04,0.6
2021-07-05 09:54:53.490887,1.50462e-04,0.6
2021-07-05 09:54:53.718648,1.38122e-04,0.6
2021-07-05 09:54:53.993602,1.31345e-04,0.6
2021-07-05 09:54:54.216583,1.23698e-04,0.6
2021-07-05 09:54:54.435705,1.27782e-04,0.6
2021-07-05 09:54:54.644962,1.36993e-04,0.6
2021-07-05 09:54:54.851170,1.29085e-04,0.6
2021-07-05 09:54:55.116863,1.15790e-04,0.6
2021-07-05 09:54:55.381094,1.05362e-04,0.6
2021-07-05 09:54:55.613512,1.03016e-04,0.6
2021-07-05 09:54:55.893100,1.18310e-04,0.6
2021-07-05 09:54:56.139900,1.41164e-04,0.6
2021-07-05 09:54:56.361042,1.61758e-04,0.6
2021-07-05 09:54:56.579613,1.60107e-04,0.6
2021-07-05 09:54:56.856186,1.46030e-04,0.6
2021-07-05 09:54:57.082875,1.33865e-04,0.6
2021-07-05 09:54:57.297278,1.28998e-04,0.6
2021-07-05 09:54:57.520132,1.24567e-04,0.6
2021-07-05 09:54:57.734186,1.24393e-04,0.6
2021-07-05 09:54:57.940975,1.30215e-04,0.6
2021-07-05 09:54:58.223731,1.30476e-04,0.6
2021-07-05 09:54:58.455501,1.12575e-04,0.6
2021-07-05 09:54:58.696887,1.05536e-04,0.6
2021-07-05 09:54:58.910288,1.01104e-04,0.6
2021-07-05 09:54:59.175172,1.10663e-04,0.6
2021-07-05 09:54:59.445641,1.38731e-04,0.6
2021-07-05 09:54:59.718323,1.56023e-04,0.6
2021-07-05 09:54:59.931390,1.61150e-04,0.6
2021-07-05 09:55:00.186122,1.41598e-04,0.6
2021-07-05 09:55:00.408990,1.34994e-04,0.6
2021-07-05 09:55:00.686319,1.28390e-04,0.6
2021-07-05 09:55:00.898415,1.25001e-04,0.6
2021-07-05 09:55:01.132991,1.36037e-04,0.6
2021-07-05 09:55:01.374896,1.28824e-04,0.6
2021-07-05 09:55:01.610337,1.19874e-04,0.6
2021-07-05 09:55:01.856838,1.05884e-04,0.6
2021-07-05 09:55:02.081480,1.00757e-04,0.6
2021-07-05 09:55:02.294978,1.03972e-04,0.6
2021-07-05 09:55:02.505870,1.16138e-04,0.6
2021-07-05 09:55:02.750996,1.45682e-04,0.6
2021-07-05 09:55:02.979305,1.62193e-04,0.6
2021-07-05 09:55:03.187558,1.58109e-04,0.6
2021-07-05 09:55:03.406292,1.48724e-04,0.6
2021-07-05 09:55:03.617726,1.36558e-04,0.6
2021-07-05 09:55:03.828793,1.24914e-04,0.6
2021-07-05 09:55:04.038532,1.25262e-04,0.6
2021-07-05 09:55:04.268469,1.22133e-04,0.6
2021-07-05 09:55:04.491650,1.27521e-04,0.6
2021-07-05 09:55:04.685238,1.32213e-04,0.6
2021-07-05 09:55:04.903729,1.38122e-04,0.6
2021-07-05 09:55:05.191601,1.15355e-04,0.6
2021-07-05 09:55:05.426683,1.03885e-04,0.6
2021-07-05 09:55:05.633321,1.03364e-04,0.6
2021-07-05 09:55:05.866630,1.06753e-04,0.6
2021-07-05 09:55:06.094184,1.12922e-04,0.6
2021-07-05 09:55:06.316961,1.30215e-04,0.6
2021-07-05 09:55:06.607323,1.60803e-04,0.6
2021-07-05 09:55:06.825720,1.58283e-04,0.6
2021-07-05 09:55:07.057062,1.50114e-04,0.6
2021-07-05 09:55:07.269335,1.38557e-04,0.6
2021-07-05 09:55:07.477409,1.30736e-04,0.6
2021-07-05 09:55:07.702931,1.23350e-04,0.6
2021-07-05 09:55:07.915051,1.26044e-04,0.6
2021-07-05 09:55:08.203126,1.27347e-04,0.6
2021-07-05 09:55:08.462397,1.27347e-04,0.6
2021-07-05 09:55:08.677835,1.17180e-04,0.6
2021-07-05 09:55:08.984036,1.05449e-04,0.6
2021-07-05 09:55:09.261272,1.04754e-04,0.6
2021-07-05 09:55:09.480030,1.12749e-04,0.6
2021-07-05 09:55:09.699442,1.30215e-04,0.6
2021-07-05 09:55:09.923843,1.53764e-04,0.6
2021-07-05 09:55:10.176168,1.57935e-04,0.6
2021-07-05 09:55:10.492324,1.39078e-04,0.6
2021-07-05 09:55:10.710870,1.31779e-04,0.6
2021-07-05 09:55:11.025015,1.24653e-04,0.6
2021-07-05 09:55:11.315128,1.28216e-04,0.6
2021-07-05 09:55:11.534537,1.26739e-04,0.6
2021-07-05 09:55:11.760700,1.18049e-04,0.6
2021-07-05 09:55:12.017022,1.09794e-04,0.6
2021-07-05 09:55:12.307066,1.00757e-04,0.6
2021-07-05 09:55:12.552402,1.11880e-04,0.6
2021-07-05 09:55:12.790720,1.34820e-04,0.6
2021-07-05 09:55:13.018257,1.50462e-04,0.6
2021-07-05 09:56:09.355982,1.22916e-04,0.6
2021-07-05 09:56:09.568630,1.51157e-04,0.6
2021-07-05 09:56:09.856697,1.60368e-04,0.6
2021-07-05 09:56:10.234188,1.40729e-04,0.6
2021-07-05 09:56:10.435649,1.32996e-04,0.6
2021-07-05 09:56:10.652031,1.28216e-04,0.6
2021-07-05 09:56:10.948108,1.20309e-04,0.6
2021-07-05 09:56:11.243318,1.25262e-04,0.6
2021-07-05 09:56:11.465723,1.30649e-04,0.6
2021-07-05 09:56:11.682144,1.36037e-04,0.6
2021-07-05 09:56:11.910076,1.14747e-04,0.6
2021-07-05 09:56:12.167928,1.07622e-04,0.6
2021-07-05 09:56:12.372383,1.04928e-04,0.6
2021-07-05 09:56:12.584967,9.94534e-05,0.6
2021-07-05 09:56:12.857796,1.08230e-04,0.6
2021-07-05 09:56:13.065544,1.21699e-04,0.6
2021-07-05 09:56:13.301426,1.51765e-04,0.6
2021-07-05 09:56:13.527643,1.60976e-04,0.6
2021-07-05 09:56:13.760113,1.60194e-04,0.6
2021-07-05 09:56:13.975932,1.46204e-04,0.6
2021-07-05 09:56:14.202021,1.34125e-04,0.6
2021-07-05 09:56:14.456917,1.29607e-04,0.6
2021-07-05 09:56:14.728285,1.19961e-04,0.6
2021-07-05 09:56:14.944111,1.26304e-04,0.6
2021-07-05 09:56:15.221940,1.35950e-04,0.6
2021-07-05 09:56:15.430094,1.24219e-04,0.6
2021-07-05 09:56:15.702518,1.09099e-04,0.6
2021-07-05 09:56:15.918919,1.01886e-04,0.6
2021-07-05 09:56:16.131351,1.01452e-04,0.6
2021-07-05 09:56:16.346801,1.08664e-04,0.6
2021-07-05 09:56:16.558998,1.21525e-04,0.6
2021-07-05 09:56:16.781428,1.42120e-04,0.6
2021-07-05 09:56:16.998102,1.63583e-04,0.6
2021-07-05 09:56:17.199110,1.54807e-04,0.6
2021-07-05 09:56:17.418490,-9.77589e-06,0.6
2021-07-05 09:56:17.637739,-2.03773e-05,0.6
2021-07-05 09:56:17.921551,-2.48959e-05,0.6
2021-07-05 09:56:18.129498,-3.09787e-05,0.6
2021-07-05 09:56:18.330134,-3.15001e-05,0.6
2021-07-05 09:56:18.537870,-2.50697e-05,0.6
2021-07-05 09:56:18.756286,-2.03773e-05,0.6
2021-07-05 09:56:19.041544,-3.49760e-05,0.6
2021-07-05 09:56:19.248718,-4.78367e-05,0.6
2021-07-05 09:56:19.490992,-5.41802e-05,0.6
2021-07-05 09:56:19.750135,-5.14864e-05,0.6
2021-07-05 09:56:20.013839,-3.18477e-05,0.6
2021-07-05 09:56:20.277897,-1.98559e-05,0.6
2021-07-05 09:56:20.544488,9.90623e-06,0.6
2021-07-05 09:56:20.807091,-7.38623e-07,0.6
2021-07-05 09:56:21.078451,-1.33387e-05,0.6
2021-07-05 09:56:21.345905,-2.35056e-05,0.6
2021-07-05 09:56:21.616390,-3.32380e-05,0.6
2021-07-05 09:56:21.894691,-2.87194e-05,0.6
2021-07-05 09:56:22.092329,-1.60325e-05,0.6
2021-07-05 09:56:22.370928,-2.28973e-05,0.6
2021-07-05 09:56:22.588316,-4.31443e-05,0.6
2021-07-05 09:56:22.856462,-4.62725e-05,0.6
2021-07-05 09:56:23.075941,-5.12257e-05,0.6
2021-07-05 09:56:23.354765,-4.45346e-05,0.6
2021-07-05 09:56:23.632064,-2.20283e-05,0.6
2021-07-05 09:56:23.935290,2.52001e-06,0.6
2021-07-05 09:56:24.193352,1.39035e-06,0.6
2021-07-05 09:56:24.416836,-1.83787e-05,0.6
2021-07-05 09:56:24.640061,-2.38532e-05,0.6
2021-07-05 09:56:24.874495,-2.90670e-05,0.6
2021-07-05 09:56:25.080957,-3.01097e-05,0.6
2021-07-05 09:56:25.311338,-2.52435e-05,0.6
2021-07-05 09:56:25.534704,-2.06380e-05,0.6
2021-07-05 09:56:25.765114,-3.16739e-05,0.6
2021-07-05 09:56:26.003451,-4.88794e-05,0.6
2021-07-05 09:56:26.378965,-5.16601e-05,0.6
2021-07-05 09:56:26.609262,-5.00091e-05,0.6
2021-07-05 09:56:26.838508,-3.92339e-05,0.6
2021-07-05 09:56:27.064416,-1.72490e-05,0.6
2021-07-05 09:56:27.283165,4.25794e-06,0.6
2021-07-05 09:56:27.496989,8.77658e-06,0.6
2021-07-05 09:56:27.710143,-4.82277e-06,0.6
2021-07-05 09:56:27.923515,-1.51635e-05,0.6
2021-07-05 09:56:28.142733,-2.45483e-05,0.6
2021-07-05 09:56:28.363340,-3.18477e-05,0.6
2021-07-05 09:56:28.562591,-3.40201e-05,0.6
2021-07-05 09:56:28.794528,-2.85456e-05,0.6
2021-07-05 09:56:29.036837,-2.02035e-05,0.6
2021-07-05 09:56:29.270254,-2.74159e-05,0.6
2021-07-05 09:56:29.499624,-4.53167e-05,0.6
2021-07-05 09:56:29.747965,-5.27898e-05,0.6
2021-07-05 09:56:29.969372,-4.34484e-08,0.6
2021-07-05 09:56:30.188200,8.77658e-06,0.6
2021-07-05 09:56:30.401542,2.06814e-05,0.6
2021-07-05 09:56:30.616699,3.83215e-05,0.6
2021-07-05 09:56:30.864553,5.29201e-05,0.6
2021-07-05 09:56:31.081404,5.21381e-05,0.6
2021-07-05 09:56:31.293609,4.23187e-05,0.6
2021-07-05 09:56:31.511605,3.14566e-05,0.6
2021-07-05 09:56:31.728534,2.95449e-05,0.6
2021-07-05 09:56:31.944916,1.63366e-05,0.6
2021-07-05 09:56:32.159578,2.25063e-05,0.6
2021-07-05 09:56:32.375715,2.39835e-05,0.6
2021-07-05 09:56:32.597030,3.06746e-05,0.6
2021-07-05 09:56:32.818063,1.39035e-05,0.6
2021-07-05 09:56:33.036708,7.29933e-06,0.6
2021-07-05 09:56:33.252965,3.73656e-06,0.6
2021-07-05 09:56:33.470253,1.65104e-06,0.6
2021-07-05 09:56:33.687997,8.08140e-06,0.6
2021-07-05 09:56:33.904961,2.40704e-05,0.6
2021-07-05 09:56:34.117403,4.86622e-05,0.6
2021-07-05 09:56:34.331305,5.57877e-05,0.6
2021-07-05 09:56:34.549493,5.10953e-05,0.6
2021-07-05 09:56:34.756810,4.02332e-05,0.6
2021-07-05 09:56:34.975889,3.42373e-05,0.6
2021-07-05 09:56:35.196197,2.46787e-05,0.6
2021-07-05 09:56:35.416008,1.89435e-05,0.6
2021-07-05 09:56:35.637564,1.52069e-05,0.6
2021-07-05 09:56:35.856132,2.34621e-05,0.6
2021-07-05 09:56:36.078374,2.91973e-05,0.6
2021-07-05 09:56:36.297555,2.58952e-05,0.6
2021-07-05 09:56:36.519382,1.79876e-05,0.6
2021-07-05 09:56:36.758195,7.47312e-06,0.6
2021-07-05 09:56:36.975472,3.99725e-06,0.6
2021-07-05 09:56:37.196389,-1.30345e-07,0.6
2021-07-05 09:56:37.419263,3.47587e-07,0.6
2021-07-05 09:56:37.642615,1.03407e-05,0.6
2021-07-05 09:56:37.861432,2.50263e-05,0.6
2021-07-05 09:56:38.081990,4.99657e-05,0.6
2021-07-05 09:56:38.300561,6.12622e-05,0.6
2021-07-05 09:56:38.520934,5.46581e-05,0.6
2021-07-05 09:56:38.766302,4.63160e-05,0.6
2021-07-05 09:56:38.984287,2.61559e-05,0.6
2021-07-05 09:56:39.203499,2.25932e-05,0.6
2021-07-05 09:56:39.419871,2.21587e-05,0.6
2021-07-05 09:56:39.642040,1.75532e-05,0.6
2021-07-05 09:56:39.864233,2.32014e-05,0.6
2021-07-05 09:56:40.092054,4.95312e-06,0.6
2021-07-05 09:56:40.316502,-2.30277e-06,0.6
2021-07-05 09:56:40.534506,-7.86416e-06,0.6
2021-07-05 09:56:40.758242,-2.59387e-05,0.6
2021-07-05 09:56:40.979452,-2.71552e-05,0.6
2021-07-05 09:56:41.211878,-2.89801e-05,0.6
2021-07-05 09:56:41.430851,-2.23759e-05,0.6
2021-07-05 09:56:41.686365,-1.30345e-07,0.6
2021-07-05 09:56:41.914585,2.28539e-05,0.6
2021-07-05 09:56:42.144133,3.25863e-05,0.6
2021-07-05 09:56:42.367545,-2.56346e-06,0.6
2021-07-05 09:56:42.624766,-1.82049e-05,0.6
2021-07-05 09:56:42.848371,-3.06311e-05,0.6
2021-07-05 09:56:43.069718,-3.58449e-05,0.6
2021-07-05 09:56:43.353332,1.47725e-06,0.6
2021-07-05 09:56:43.654507,-5.64829e-07,0.6
2021-07-05 09:56:43.946726,1.01669e-05,0.6
2021-07-05 09:56:44.184989,-5.17036e-06,0.6
2021-07-05 09:56:44.427341,-7.42968e-06,0.6
2021-07-05 09:56:44.661715,-1.22090e-05,0.6
2021-07-05 09:56:44.908056,-4.34484e-08,0.6
2021-07-05 09:56:45.143665,2.08552e-06,0.6
2021-07-05 09:56:45.375046,6.43036e-06,0.6
2021-07-05 09:56:45.636379,1.07752e-05,0.6
2021-07-05 09:56:45.845933,1.37297e-05,0.6
2021-07-05 09:56:46.096300,-2.30277e-06,0.6
2021-07-05 09:56:46.326648,-2.47656e-06,0.6
2021-07-05 09:56:46.591939,-6.90830e-06,0.6
2021-07-05 09:56:46.796399,-5.95243e-06,0.6
2021-07-05 09:56:47.035752,-4.99657e-06,0.6
2021-07-05 09:56:47.256982,-3.08484e-06,0.6
2021-07-05 09:56:47.474533,-1.86828e-06,0.6
2021-07-05 09:56:47.721998,9.99313e-06,0.6
2021-07-05 09:56:47.940681,7.21243e-06,0.6
2021-07-05 09:56:48.159539,-2.65035e-06,0.6
2021-07-05 09:56:48.375852,-1.46421e-05,0.6
2021-07-05 09:56:48.594478,-2.16808e-05,0.6
2021-07-05 09:56:48.815674,-2.61994e-05,0.6
2021-07-05 09:56:49.034389,-1.62063e-05,0.6
2021-07-05 09:56:49.253345,-9.68899e-06,0.6
2021-07-05 09:56:49.474319,1.12966e-05,0.6
2021-07-05 09:56:49.720613,3.00663e-05,0.6
2021-07-05 09:56:49.941573,3.38898e-05,0.6
2021-07-05 09:56:50.148520,2.74594e-05,0.6
2021-07-05 09:56:50.364552,1.61628e-05,0.6
2021-07-05 09:56:50.580118,6.34347e-06,0.6
2021-07-05 09:56:50.799621,-4.04070e-06,0.6
2021-07-05 09:56:51.045351,-5.77864e-06,0.6
2021-07-05 09:56:51.312639,-1.30345e-07,0.6
2021-07-05 09:56:51.591777,5.99588e-06,0.6
2021-07-05 09:56:51.865947,-6.51726e-07,0.6
2021-07-05 09:56:52.124588,-1.58587e-05,0.6
2021-07-05 09:56:52.342221,-2.14201e-05,0.6
2021-07-05 09:56:52.565446,-2.49828e-05,0.6
2021-07-05 09:56:52.780682,-1.53373e-05,0.6
2021-07-05 09:56:53.002573,-4.12760e-06,0.6
2021-07-05 09:56:53.222100,1.98994e-05,0.6
2021-07-05 09:56:53.443786,3.43242e-05,0.6
2021-07-05 09:56:53.668461,2.95449e-05,0.6
2021-07-05 09:56:53.887549,1.65104e-05,0.6
2021-07-05 09:56:54.128855,5.56140e-06,0.6
2021-07-05 09:56:54.346110,1.12966e-06,0.6
2021-07-05 09:56:54.568565,-2.56346e-06,0.6
2021-07-05 09:56:54.811969,1.12966e-06,0.6
2021-07-05 09:56:55.027806,1.04276e-06,0.6
2021-07-05 09:56:55.242854,6.25657e-06,0.6
2021-07-05 09:56:55.466326,7.82071e-06,0.6
2021-07-05 09:56:55.686618,-1.15138e-05,0.6
2021-07-05 09:56:55.911738,-1.94214e-05,0.6
2021-07-05 09:56:56.126596,-1.86394e-05,0.6
2021-07-05 09:56:56.350966,-2.50697e-05,0.6
2021-07-05 09:56:56.558716,-1.79442e-05,0.6
2021-07-05 09:56:56.789922,7.82071e-06,0.6
2021-07-05 09:56:57.021101,2.16373e-05,0.6
2021-07-05 09:56:57.242457,3.90167e-05,0.6
2021-07-05 09:56:57.498327,3.10222e-05,0.6
2021-07-05 09:56:57.724314,1.87697e-05,0.6
2021-07-05 09:56:57.954308,5.56140e-06,0.6
2021-07-05 09:56:58.180517,-1.10793e-05,0.6
2021-07-05 09:56:58.408158,-1.54242e-05,0.6
2021-07-05 09:56:58.632588,-1.55980e-05,0.6
2021-07-05 09:56:58.859115,-9.08072e-06,0.6
2021-07-05 09:56:59.085338,-2.31580e-05,0.6
2021-07-05 09:56:59.336865,-3.87994e-05,0.6
2021-07-05 09:56:59.565840,-5.33981e-05,0.6
2021-07-05 09:56:59.779757,-6.57374e-05,0.6
2021-07-05 09:56:59.999126,-7.67733e-05,0.6
2021-07-05 09:57:00.227458,-6.33043e-05,0.6
2021-07-05 09:57:00.450292,-4.50560e-05,0.6
2021-07-05 09:57:00.676413,-3.61056e-05,0.6
2021-07-05 09:57:00.901064,-4.39263e-05,0.6
2021-07-05 09:57:01.122766,-5.63526e-05,0.6
2021-07-05 09:57:01.346020,-6.92133e-05,0.6
2021-07-05 09:57:01.568121,-7.83375e-05,0.6
2021-07-05 09:57:01.792500,-8.45071e-05,0.6
2021-07-05 09:57:02.013581,-8.61582e-05,0.6
2021-07-05 09:57:02.236357,-8.20740e-05,0.6
2021-07-05 09:57:02.465513,-8.31168e-05,0.6
2021-07-05 09:57:02.694682,-1.01713e-04,0.6
2021-07-05 09:57:02.934347,-1.14660e-04,0.6
2021-07-05 09:57:03.170086,-1.16138e-04,0.6
2021-07-05 09:57:03.407008,-1.11184e-04,0.6
2021-07-05 09:57:03.638414,-1.08751e-04,0.6
2021-07-05 09:57:03.875320,-8.19002e-05,0.6
2021-07-05 09:57:04.112111,-7.03430e-05,0.6
2021-07-05 09:57:04.348089,-5.82643e-05,0.6
2021-07-05 09:57:04.608081,-6.67802e-05,0.6
2021-07-05 09:57:04.847198,-7.46009e-05,0.6
2021-07-05 09:57:05.085128,-9.63251e-05,0.6
2021-07-05 09:57:05.322220,-9.85844e-05,0.6
2021-07-05 09:57:05.552906,-9.44134e-05,0.6
2021-07-05 09:57:05.807246,-9.38920e-05,0.6
2021-07-05 09:57:06.060489,-8.38120e-05,0.6
2021-07-05 09:57:06.311633,-1.02234e-04,0.6
2021-07-05 09:57:06.563657,-1.10142e-04,0.6
2021-07-05 09:57:06.815156,-1.19961e-04,0.6
2021-07-05 09:57:07.067654,-1.21525e-04,0.6
2021-07-05 09:57:07.321253,-1.14400e-04,0.6
2021-07-05 09:57:07.573394,-9.83237e-05,0.6
2021-07-05 09:57:07.806210,-7.33843e-05,0.6
2021-07-05 09:57:08.038785,-6.26960e-05,0.6
2021-07-05 09:57:08.273294,-7.46878e-05,0.6
2021-07-05 09:57:08.506146,-8.87651e-05,0.6
2021-07-05 09:57:08.736828,-9.32837e-05,0.6
2021-07-05 09:57:08.970703,-9.80630e-05,0.6
2021-07-05 09:57:09.205247,-1.02060e-04,0.6
2021-07-05 09:57:09.437488,-9.92796e-05,0.6
2021-07-05 09:57:09.669692,-9.69334e-05,0.6
2021-07-05 09:57:09.905582,-1.01800e-04,0.6
2021-07-05 09:57:10.144970,-1.11271e-04,0.6
2021-07-05 09:57:10.374334,-1.19440e-04,0.6
2021-07-05 09:57:10.610740,-1.25783e-04,0.6
2021-07-05 09:57:10.840191,-1.22133e-04,0.6
2021-07-05 09:57:11.089032,-1.09794e-04,0.6
2021-07-05 09:57:11.317766,-9.03292e-05,0.6
2021-07-05 09:57:11.543332,-7.19071e-05,0.6
2021-07-05 09:57:11.769554,-6.59112e-05,0.6
2021-07-05 09:57:11.998022,-7.61650e-05,0.6
2021-07-05 09:57:12.226468,-8.98078e-05,0.6
2021-07-05 09:57:12.451722,-9.49348e-05,0.6
2021-07-05 09:57:12.674329,-1.03885e-04,0.6
2021-07-05 09:57:12.899876,-1.03103e-04,0.6
2021-07-05 09:57:13.128856,-9.77154e-05,0.6
2021-07-05 09:57:13.357380,-9.59775e-05,0.6
2021-07-05 09:57:13.583226,-1.10142e-04,0.6
2021-07-05 09:57:13.809468,-1.12749e-04,0.6
2021-07-05 09:57:14.035579,-1.18049e-04,0.6
2021-07-05 09:57:14.261120,-1.20743e-04,0.6
2021-07-05 09:57:14.507344,-1.11532e-04,0.6
2021-07-05 09:57:14.752243,-8.71140e-05,0.6
2021-07-05 09:57:14.986351,-4.56643e-05,0.6
2021-07-05 09:57:15.227295,-3.36725e-05,0.6
2021-07-05 09:57:15.456822,-2.85456e-05,0.6
2021-07-05 09:57:15.676990,-3.54104e-05,0.6
2021-07-05 09:57:15.893442,-3.73222e-05,0.6
2021-07-05 09:57:16.134167,-4.06243e-05,0.6
2021-07-05 09:57:16.352210,-4.47953e-05,0.6
2021-07-05 09:57:16.577647,-5.25291e-05,0.6
2021-07-05 09:57:16.801994,-7.44271e-05,0.6
2021-07-05 09:57:17.022553,-8.19002e-05,0.6
2021-07-05 09:57:17.268385,-8.64189e-05,0.6
2021-07-05 09:57:17.485422,-8.42464e-05,0.6
2021-07-05 09:57:17.704355,-7.69471e-05,0.6
2021-07-05 09:57:17.920687,-6.39126e-05,0.6
2021-07-05 09:57:18.137308,-4.66201e-05,0.6
2021-07-05 09:57:18.350796,-2.55911e-05,0.6
2021-07-05 09:57:18.569891,-2.14201e-05,0.6
2021-07-05 09:57:18.819174,-2.60256e-05,0.6
2021-07-05 09:57:19.020562,-4.21884e-05,0.6
2021-07-05 09:57:19.247263,-4.88794e-05,0.6
2021-07-05 09:57:19.472720,-5.62657e-05,0.6
2021-07-05 09:57:19.696229,-5.75691e-05,0.6
2021-07-05 09:57:19.918786,-5.68740e-05,0.6
2021-07-05 09:57:20.160188,-4.74891e-05,0.6
2021-07-05 09:57:20.381278,-7.16464e-05,0.6
2021-07-05 09:57:20.601098,-7.40795e-05,0.6
2021-07-05 09:57:20.822047,-8.02492e-05,0.6
2021-07-05 09:57:21.075127,-7.88588e-05,0.6
2021-07-05 09:57:21.301219,-6.38257e-05,0.6
2021-07-05 09:57:21.522040,-4.23622e-05,0.6
2021-07-05 09:57:21.743203,-2.74159e-05,0.6
2021-07-05 09:57:21.965328,-3.15870e-05,0.6
2021-07-05 09:57:22.188028,-4.54036e-05,0.6
2021-07-05 09:57:22.410449,-5.51360e-05,0.6
2021-07-05 09:57:22.636556,-5.75691e-05,0.6
2021-07-05 09:57:22.857435,-5.08781e-05,0.6
2021-07-05 09:57:23.078879,-5.34850e-05,0.6
2021-07-05 09:57:23.302700,-4.90532e-05,0.6
2021-07-05 09:57:23.500584,-7.02561e-05,0.6
2021-07-05 09:57:23.726081,-7.72078e-05,0.6
2021-07-05 09:57:23.975427,-7.52092e-05,0.6
2021-07-05 09:57:24.201961,-6.78229e-05,0.6
2021-07-05 09:57:24.422184,-4.49691e-05,0.6
2021-07-05 09:57:24.641724,-1.88132e-05,0.6
2021-07-05 09:57:24.894608,2.75463e-05,0.6
2021-07-05 09:57:25.131708,3.26732e-05,0.6
2021-07-05 09:57:25.368952,3.21518e-05,0.6
2021-07-05 09:57:25.605445,9.29796e-06,0.6
2021-07-05 09:57:25.844226,-2.04207e-06,0.6
2021-07-05 09:57:26.081482,-1.35993e-05,0.6
2021-07-05 09:57:26.316908,-1.04711e-05,0.6
2021-07-05 09:57:26.544969,-6.47381e-06,0.6
2021-07-05 09:57:26.779469,-4.47519e-06,0.6
2021-07-05 09:57:27.017344,-1.74228e-05,0.6
2021-07-05 09:57:27.250279,-2.68077e-05,0.6
2021-07-05 09:57:27.486457,-3.11525e-05,0.6
2021-07-05 09:57:27.724255,-3.10656e-05,0.6
2021-07-05 09:57:27.966857,-3.08918e-05,0.6
2021-07-05 09:57:28.200639,-1.02973e-05,0.6
2021-07-05 09:57:28.438542,6.16967e-06,0.6
2021-07-05 09:57:28.690150,2.90235e-05,0.6
2021-07-05 09:57:28.922504,2.10290e-05,0.6
2021-07-05 09:57:29.160666,5.38760e-06,0.6
2021-07-05 09:57:29.399616,-3.60622e-06,0.6
2021-07-05 09:57:29.650220,-1.03842e-05,0.6
2021-07-05 09:57:29.882608,-1.45552e-05,0.6
2021-07-05 09:57:30.116761,-1.31649e-05,0.6
2021-07-05 09:57:30.378434,-2.56346e-06,0.6
2021-07-05 09:57:30.612643,-1.67276e-05,0.6
2021-07-05 09:57:30.847204,-2.71552e-05,0.6
2021-07-05 09:57:31.078328,-3.26297e-05,0.6
2021-07-05 09:57:31.314272,-3.81042e-05,0.6
2021-07-05 09:57:31.553421,-3.23691e-05,0.6
2021-07-05 09:57:31.784895,-1.05580e-05,0.6
2021-07-05 09:57:32.008677,6.34347e-06,0.6
2021-07-05 09:57:32.222614,2.55477e-05,0.6
2021-07-05 09:57:32.443482,2.54608e-05,0.6
2021-07-05 09:57:32.700857,1.02538e-05,0.6
2021-07-05 09:57:32.924606,1.21656e-06,0.6
2021-07-05 09:57:33.153499,-8.55933e-06,0.6
2021-07-05 09:57:33.374040,-1.42945e-05,0.6
2021-07-05 09:57:33.594484,-9.42830e-06,0.6
2021-07-05 09:57:33.814730,-6.99519e-06,0.6
2021-07-05 09:57:34.015799,-4.56208e-06,0.6
2021-07-05 09:57:34.275805,-2.02035e-05,0.6
2021-07-05 09:57:34.511170,-3.08918e-05,0.6
2021-07-05 09:57:34.741064,-3.46284e-05,0.6
2021-07-05 09:57:38.718974,3.47587e-06,1.5
2021-07-05 09:57:38.945496,2.27069e-05,1.5
2021-07-05 09:57:39.170053,1.03778e-05,1.5
2021-07-05 09:57:39.414504,0.00000e+00,1.5
2021-07-05 09:57:39.712351,-7.67244e-06,1.5
2021-07-05 09:57:39.942730,-1.15752e-05,1.5
2021-07-05 09:57:40.174111,-6.60806e-06,1.5
2021-07-05 09:57:40.371583,-4.39059e-06,1.5
2021-07-05 09:57:40.595321,-1.80502e-05,1.5
2021-07-05 09:57:40.823686,-3.10889e-05,1.5
2021-07-05 09:57:41.053095,-3.16211e-05,1.5
2021-07-05 09:57:41.281474,-3.63222e-05,1.5
2021-07-05 09:57:41.505874,-3.08228e-05,1.5
2021-07-05 09:57:41.748227,-2.61661e-06,1.5
2021-07-05 09:57:41.990025,1.21517e-05,1.5
2021-07-05 09:57:42.231534,9.93426e-06,1.5
2021-07-05 09:57:42.472725,-9.71252e-06,1.5
2021-07-05 09:57:42.710848,-2.47913e-05,1.5
2021-07-05 09:57:42.947708,-3.52578e-05,1.5
2021-07-05 09:57:43.192490,-3.95153e-05,1.5
2021-07-05 09:57:43.433419,-3.38386e-05,1.5
2021-07-05 09:57:43.678594,-2.54122e-05,1.5
2021-07-05 09:57:43.915090,-3.25081e-05,1.5
2021-07-05 09:57:44.152478,-4.75869e-05,1.5
2021-07-05 09:57:44.410221,-4.73208e-05,1.5
2021-07-05 09:57:44.648198,-3.91605e-05,1.5
2021-07-05 09:57:44.887508,-2.15095e-05,1.5
2021-07-05 09:57:45.126467,6.20891e-07,1.5
2021-07-05 09:57:45.362834,1.42805e-05,1.5
2021-07-05 09:57:45.595532,1.12647e-05,1.5
2021-07-05 09:57:45.841050,-1.90702e-06,1.5
2021-07-05 09:57:46.092161,-6.34196e-06,1.5
2021-07-05 09:57:46.343092,-8.91423e-06,1.5
2021-07-05 09:57:46.590824,1.06439e-06,1.5
2021-07-05 09:57:46.835911,-1.19743e-06,1.5
2021-07-05 09:57:47.085625,-1.87598e-05,1.5
2021-07-05 09:57:47.340625,-2.62992e-05,1.5
2021-07-05 09:57:47.585767,-2.55009e-05,1.5
2021-07-05 09:57:47.855811,-4.47929e-06,1.5
2021-07-05 09:57:48.100231,1.43692e-05,1.5
2021-07-05 09:57:48.346674,2.99802e-05,1.5
2021-07-05 09:57:48.596009,2.02233e-05,1.5
2021-07-05 09:57:48.828277,7.18460e-06,1.5
2021-07-05 09:57:49.087565,-3.23751e-06,1.5
2021-07-05 09:57:49.323288,-1.81833e-06,1.5
2021-07-05 09:57:49.552906,2.57226e-06,1.5
2021-07-05 09:57:49.782134,-4.21319e-06,1.5
2021-07-05 09:57:50.014099,-1.39701e-05,1.5
2021-07-05 09:57:50.241642,-2.23964e-05,1.5
2021-07-05 09:57:50.496151,-2.53235e-05,1.5
2021-07-05 09:57:50.735403,-1.41475e-05,1.5
2021-07-05 09:57:50.970078,1.56997e-05,1.5
2021-07-05 09:57:51.201733,2.95367e-05,1.5
2021-07-05 09:57:51.438901,1.75624e-05,1.5
2021-07-05 09:57:51.668208,1.25952e-05,1.5
2021-07-05 09:57:51.899815,2.83836e-06,1.5
2021-07-05 09:57:52.129220,-3.10446e-07,1.5
2021-07-05 09:57:52.363245,2.39487e-06,1.5
2021-07-05 09:57:52.615116,-6.65241e-07,1.5
2021-07-05 09:57:52.862780,-1.61875e-05,1.5
2021-07-05 09:57:53.112952,-2.48800e-05,1.5
2021-07-05 09:57:53.383683,-2.40817e-05,1.5
2021-07-05 09:57:53.637795,-6.87416e-06,1.5
2021-07-05 09:57:53.885692,2.05781e-05,1.5
2021-07-05 09:57:54.142865,3.15768e-05,1.5
2021-07-05 09:57:54.412896,1.82719e-05,1.5
2021-07-05 09:57:54.658971,1.07326e-05,1.5
2021-07-05 09:57:54.907513,1.34822e-05,1.5
2021-07-05 09:57:55.151273,1.61432e-05,1.5
2021-07-05 09:57:55.396590,2.71418e-05,1.5
2021-07-05 09:57:55.670454,1.44579e-05,1.5
2021-07-05 09:57:55.943499,3.90275e-06,1.5
2021-07-05 09:57:56.208788,-3.68100e-06,1.5
2021-07-05 09:57:56.465387,5.23323e-06,1.5
2021-07-05 09:57:56.722217,2.04007e-05,1.5
2021-07-05 09:58:26.503499,1.09986e-05,1.5
2021-07-05 09:58:26.758484,1.69415e-05,1.5
2021-07-05 09:58:27.020597,1.67641e-05,1.5
2021-07-05 09:58:27.288906,3.72535e-06,1.5
2021-07-05 09:58:27.549211,-1.21961e-05,1.5
2021-07-05 09:58:27.807691,-8.29334e-06,1.5
2021-07-05 09:58:28.052028,-4.43494e-08,1.5
2021-07-05 09:58:28.295164,1.44579e-05,1.5
2021-07-05 09:58:28.530408,4.02692e-05,1.5
2021-07-05 09:58:28.755814,3.84066e-05,1.5
2021-07-05 09:58:28.976888,3.23751e-05,1.5
2021-07-05 09:58:29.238088,1.54336e-05,1.5
2021-07-05 09:58:29.481909,1.00230e-05,1.5
2021-07-05 09:58:29.706080,6.74111e-06,1.5
2021-07-05 09:58:29.926549,1.36596e-05,1.5
2021-07-05 09:58:30.153865,1.71189e-05,1.5
2021-07-05 09:58:30.374831,3.54795e-06,1.5
2021-07-05 09:58:30.601030,-1.05995e-05,1.5
2021-07-05 09:58:30.849894,-1.06882e-05,1.5
2021-07-05 09:58:31.085304,-1.31718e-05,1.5
2021-07-05 09:58:31.324686,3.63665e-06,1.5
2021-07-05 09:58:31.555597,2.19086e-05,1.5
2021-07-05 09:58:31.784984,4.39946e-05,1.5
2021-07-05 09:58:32.014371,3.91162e-05,1.5
2021-07-05 09:58:32.246750,3.28185e-05,1.5
2021-07-05 09:58:32.476137,2.16425e-05,1.5
2021-07-05 09:58:32.716494,-3.06011e-06,1.5
2021-07-05 09:58:32.949673,-4.65669e-06,1.5
2021-07-05 09:58:33.183538,-5.18888e-06,1.5
2021-07-05 09:58:33.410810,7.36200e-06,1.5
2021-07-05 09:58:33.659136,3.54795e-07,1.5
2021-07-05 09:58:33.887240,-9.71252e-06,1.5
2021-07-05 09:58:34.107471,-2.15982e-05,1.5
2021-07-05 09:58:34.340027,-2.62105e-05,1.5
2021-07-05 09:58:34.568654,-2.21303e-05,1.5
2021-07-05 09:58:34.798761,-1.15752e-05,1.5
2021-07-05 09:58:35.028698,1.90702e-05,1.5
2021-07-05 09:58:35.260094,3.09559e-05,1.5
2021-07-05 09:58:35.484228,2.87384e-05,1.5
2021-07-05 09:58:35.713802,1.50788e-05,1.5
2021-07-05 09:58:35.940500,4.96713e-06,1.5
2021-07-05 09:58:36.166099,8.86988e-08,1.5
2021-07-05 09:58:36.398793,-4.12449e-06,1.5
2021-07-05 09:58:36.623100,5.94282e-06,1.5
2021-07-05 09:58:36.858654,7.62810e-06,1.5
2021-07-05 09:58:37.097935,-2.88271e-06,1.5
2021-07-05 09:58:37.346767,-1.98242e-05,1.5
2021-07-05 09:58:37.611082,-2.68314e-05,1.5
2021-07-05 09:58:37.876606,-2.22190e-05,1.5
